{"cameraMode":{"drawMode":0,"name":"Shaded","section":"Shading Mode"},"sceneLighting":true,"audioPlay":false,"sceneViewState":{"showFog":true,"showMaterialUpdate":false,"showSkybox":true,"showFlares":true,"showImageEffects":true,"showParticleSystems":true},"in2DMode":false,"pivot":{"x":-162.2585906982422,"y":-107.66777801513672,"z":2.2133445739746095},"rotation":{"x":0.34943392872810366,"y":-0.012648382224142552,"z":0.004717658273875713,"w":0.9368654489517212},"size":21.956933975219728,"orthographic":false}