{"cameraMode":{"drawMode":0,"name":"Shaded","section":"Shading Mode"},"sceneLighting":true,"audioPlay":false,"sceneViewState":{"showFog":true,"showMaterialUpdate":false,"showSkybox":true,"showFlares":true,"showImageEffects":true,"showParticleSystems":true},"in2DMode":false,"pivot":{"x":-84.43783569335938,"y":-40.72272491455078,"z":13.593745231628418},"rotation":{"x":0.42544692754745486,"y":-0.0731707364320755,"z":0.03453725576400757,"w":0.9013670086860657},"size":38.393402099609378,"orthographic":false}