{"cameraMode":{"drawMode":0,"name":"Shaded","section":"Shading Mode"},"sceneLighting":true,"audioPlay":false,"sceneViewState":{"showFog":true,"showMaterialUpdate":false,"showSkybox":true,"showFlares":true,"showImageEffects":true,"showParticleSystems":true},"in2DMode":false,"pivot":{"x":-32.709197998046878,"y":6.174698352813721,"z":-6.970874786376953},"rotation":{"x":0.21912553906440736,"y":0.14658750593662263,"z":-0.033318694680929187,"w":0.9640480279922485},"size":34.891693115234378,"orthographic":false}