{"cameraMode":{"drawMode":0,"name":"Shaded","section":"Shading Mode"},"sceneLighting":true,"audioPlay":false,"sceneViewState":{"showFog":true,"showMaterialUpdate":false,"showSkybox":true,"showFlares":true,"showImageEffects":true,"showParticleSystems":true},"in2DMode":false,"pivot":{"x":6.669854640960693,"y":-0.36328125,"z":-2.3317975997924806},"rotation":{"x":0.5226004123687744,"y":3.26777294112901e-9,"z":3.206782839271227e-9,"w":0.8525773286819458},"size":29.37128257751465,"orthographic":true}