{"cameraMode":{"drawMode":0,"name":"Shaded","section":"Shading Mode"},"sceneLighting":true,"audioPlay":false,"sceneViewState":{"showFog":true,"showMaterialUpdate":false,"showSkybox":true,"showFlares":true,"showImageEffects":true,"showParticleSystems":true},"in2DMode":false,"pivot":{"x":5.5345988273620609,"y":-1.3483997583389283,"z":-0.5420315265655518},"rotation":{"x":0.432186096906662,"y":-0.016771601513028146,"z":0.008039603009819985,"w":0.9015931487083435},"size":25.602725982666017,"orthographic":false}